date,sleep_hours,calories_kcal,protein_g,carbs_g,bodyweight_kg,resting_hr_bpm
2024-12-19,7.28,2552.0,176.7,230.5,78.1,57.4
2024-12-20,7.8,2834.0,177.0,284.3,78.3,57.5
2024-12-21,7.34,2792.0,186.8,326.6,78.2,55.4
2024-12-22,8.49,2235.0,182.6,192.7,78.9,61.7
2024-12-23,8.03,2830.0,209.0,278.3,77.2,56.8
2024-12-24,7.62,2521.0,194.3,2.8,77.1,57.7
2024-12-25,7.9,2525.0,159.0,287.8,77.5,57.3
2024-12-26,9.5,2591.0,178.0,330.0,78.5,53.5
2024-12-27,7.03,2373.0,190.7,242.4,79.8,61.8
2024-12-28,6.97,2692.0,169.5,302.3,79.6,61.6
2024-12-29,7.82,2493.0,147.5,256.1,77.2,57.2
2024-12-30,9.11,2401.0,190.9,289.9,79.6,52.9
2024-12-31,5.8,2761.0,182.0,306.8,76.5,65.8
2025-01-01,6.93,2696.0,168.8,263.7,78.1,58.4
2025-01-02,7.43,2051.0,143.3,184.0,79.3,58.7
2025-01-03,6.78,2962.0,199.7,11.8,77.9,58.2
2025-01-04,7.99,2835.0,201.6,319.2,75.7,57.2
2025-01-05,8.5,2888.0,233.4,352.7,78.5,53.3
2025-01-06,6.56,3058.0,234.7,312.4,78.8,54.0
2025-01-07,6.91,2718.0,177.3,277.8,79.1,56.4
2025-01-08,7.38,3157.0,201.3,333.2,75.3,61.2
2025-01-09,8.28,2484.0,189.3,267.4,79.7,64.2
2025-01-10,2.39,2381.0,8.2,229.1,77.5,66.4
2025-01-11,7.12,2470.0,168.6,234.5,78.2,56.5
2025-01-12,6.82,2403.0,159.7,224.8,77.1,61.9
2025-01-13,6.97,2462.0,173.3,269.3,77.5,58.2
2025-01-14,8.07,2589.0,178.3,303.8,78.5,61.6
2025-01-15,6.54,2530.0,153.0,242.1,78.3,59.4
2025-01-16,5.75,2366.0,180.3,199.4,80.2,65.9
2025-01-17,6.15,2335.0,168.3,212.5,77.9,64.2
2025-01-18,8.64,2958.0,5.3,278.2,78.3,54.6
2025-01-19,6.68,2685.0,191.6,315.9,77.1,57.5
2025-01-20,9.5,2797.0,214.2,318.5,78.6,54.0
2025-01-21,6.65,2338.0,153.4,233.5,77.4,59.6
2025-01-22,6.49,219.0,50.0,80.0,79.4,62.5
2025-01-23,7.23,2783.0,193.9,295.0,79.3,54.3
2025-01-24,8.01,3032.0,213.3,291.2,76.7,53.9
2025-01-25,7.08,2485.0,170.0,279.9,79.2,57.1
2025-01-26,7.56,2503.0,161.8,243.1,75.5,59.7
2025-01-27,7.83,2222.0,158.6,240.5,79.6,54.3
2025-01-28,6.33,2454.0,161.2,199.7,79.0,63.9
2025-01-29,7.83,2496.0,150.8,277.7,78.3,55.5
2025-01-30,6.11,2252.0,133.5,278.7,78.4,61.0
2025-01-31,8.81,2805.0,183.1,270.4,78.0,59.2
2025-02-01,7.86,2984.0,226.9,304.3,78.3,64.4
2025-02-02,6.81,2777.0,204.5,299.2,77.0,53.8
2025-02-03,6.96,2804.0,179.4,229.9,79.4,62.3
2025-02-04,6.72,2531.0,170.1,297.6,78.3,58.4
2025-02-05,7.53,2744.0,180.3,204.5,77.8,63.0
2025-02-06,6.77,2528.0,171.1,227.9,81.4,60.6
2025-02-07,6.32,3148.0,220.3,366.1,79.4,58.2
2025-02-08,8.33,3182.0,219.0,300.6,77.7,57.0
2025-02-09,6.74,2315.0,143.5,260.9,80.9,56.8
2025-02-10,7.81,2199.0,169.0,240.8,77.4,55.0
2025-02-11,6.97,2776.0,167.6,277.1,78.4,59.7
2025-02-12,7.21,2235.0,135.5,201.9,78.6,66.6
2025-02-13,8.09,2629.0,162.1,299.1,77.6,56.9
2025-02-14,7.59,2839.0,195.2,312.3,79.6,54.1
2025-02-15,6.64,2263.0,158.8,269.5,78.9,58.3
2025-02-16,7.06,2434.0,203.3,268.6,77.9,59.4
2025-02-17,7.52,2425.0,168.8,261.4,77.5,60.7
2025-02-18,6.98,2228.0,162.8,295.7,77.9,62.0
2025-02-19,8.3,2572.0,194.2,297.0,79.8,51.5
2025-02-20,8.08,2464.0,178.2,249.3,77.9,60.5
2025-02-21,8.9,2529.0,153.8,274.7,79.3,56.2
2025-02-22,8.02,3129.0,208.0,299.4,78.4,57.2
2025-02-23,8.28,2416.0,176.6,267.6,76.9,62.7
2025-02-24,9.24,3059.0,226.5,308.8,78.7,55.6
2025-02-25,8.01,2024.0,147.5,225.6,79.2,56.7
2025-02-26,6.96,2287.0,165.9,203.1,78.4,57.8
2025-02-27,8.37,2775.0,207.4,287.1,78.3,54.1
2025-02-28,7.11,2910.0,188.5,319.2,79.7,58.5
2025-03-01,7.53,2725.0,180.5,316.4,79.9,54.5
2025-03-02,7.87,2734.0,176.7,266.2,77.8,60.4
2025-03-03,7.69,2679.0,166.1,267.7,78.4,52.4
2025-03-04,7.49,2883.0,198.5,305.3,77.3,55.0
2025-03-05,6.58,2750.0,200.9,282.3,80.1,61.8
2025-03-06,8.71,2084.0,131.5,240.2,78.1,50.5
2025-03-07,7.66,2495.0,172.9,223.9,78.7,53.2
2025-03-08,7.96,2133.0,141.8,215.3,76.7,49.4
2025-03-09,8.54,2887.0,19.2,282.1,77.4,55.6
2025-03-10,8.41,3147.0,220.3,354.5,78.6,54.1
2025-03-11,7.21,2212.0,143.3,186.6,76.4,58.4
2025-03-12,8.16,2511.0,177.4,237.5,77.8,54.9
2025-03-13,9.3,2239.0,134.9,213.1,79.2,53.8
2025-03-14,7.71,2469.0,190.5,236.2,78.0,64.5
2025-03-15,6.22,3075.0,241.6,332.8,78.9,60.2
2025-03-16,8.18,2809.0,244.1,326.2,76.8,63.4
2025-03-17,7.17,2342.0,170.6,253.5,77.5,54.9
2025-03-18,7.91,2715.0,184.9,267.6,78.7,54.1
2025-03-19,6.34,3086.0,228.3,351.8,78.0,52.3
2025-03-20,8.07,2744.0,195.4,270.0,78.1,60.4
2025-03-21,6.92,2554.0,176.4,265.2,76.6,53.9
2025-03-22,8.03,3053.0,227.7,351.8,77.8,53.8
2025-03-23,7.07,2204.0,136.3,292.7,76.9,55.9
2025-03-24,7.13,2253.0,143.9,265.6,77.0,58.1
2025-03-25,6.94,2819.0,175.0,276.1,77.7,59.0
2025-03-26,7.37,2731.0,194.3,295.2,81.0,52.7
2025-03-27,7.16,2315.0,157.5,246.4,78.8,54.6
2025-03-28,5.95,2423.0,140.2,243.3,78.1,58.8
2025-03-29,7.19,2278.0,150.3,207.9,81.1,63.0
2025-03-30,7.3,3007.0,217.6,338.1,78.7,55.3
2025-03-31,7.31,2517.0,166.7,280.6,76.0,62.0
2025-04-01,7.13,2492.0,166.6,252.9,78.6,57.2
2025-04-02,7.76,2913.0,221.0,270.3,78.2,58.0
2025-04-03,6.91,3185.0,180.8,294.1,76.2,57.5
2025-04-04,8.39,3037.0,190.7,382.6,78.2,54.2
2025-04-05,6.98,2524.0,187.7,284.4,78.0,58.3
2025-04-06,7.78,2641.0,184.5,316.2,78.1,61.1
2025-04-07,6.29,2550.0,193.0,250.0,76.6,60.6
2025-04-08,6.6,3123.0,217.1,303.9,78.8,56.1
2025-04-09,8.36,2147.0,152.6,291.6,77.0,54.3
2025-04-10,6.01,2728.0,183.8,290.5,78.7,63.0
2025-04-11,8.12,2481.0,172.2,248.9,76.6,59.4
2025-04-12,6.28,2726.0,172.3,286.4,76.8,61.8
2025-04-13,7.07,2141.0,172.0,210.9,77.5,51.5
2025-04-14,7.78,2611.0,193.8,281.0,77.4,56.6
2025-04-15,7.52,2415.0,149.2,263.8,79.7,58.6
2025-04-16,7.55,2361.0,181.4,260.2,78.5,59.9
2025-04-17,7.03,2831.0,148.5,281.1,78.1,63.8
2025-04-18,6.67,2768.0,14.4,298.7,77.6,59.1
2025-04-19,6.81,2858.0,190.5,287.5,77.7,59.3
2025-04-20,7.4,2786.0,181.0,321.7,78.3,60.1
2025-04-21,6.85,2962.0,182.5,292.5,79.9,56.5
2025-04-22,7.32,2279.0,154.2,240.0,80.5,60.2
2025-04-23,6.43,2382.0,180.7,274.2,77.6,61.0
2025-04-24,8.25,2442.0,150.9,217.3,77.7,59.0
2025-04-25,6.85,2697.0,206.3,300.1,78.1,64.6
2025-04-26,7.59,2637.0,170.9,257.0,77.3,63.8
2025-04-27,8.05,1937.0,115.0,185.9,76.0,57.8
2025-04-28,6.54,93.0,50.0,80.0,79.0,59.7
2025-04-29,6.57,2553.0,161.6,308.7,79.0,62.3
2025-04-30,7.29,2607.0,199.0,251.8,78.1,55.5
2025-05-01,7.75,2638.0,183.9,324.7,79.1,57.3
2025-05-02,7.81,2745.0,192.1,271.0,77.5,61.0
2025-05-03,1.79,2496.0,174.9,265.0,77.6,63.2
2025-05-04,8.7,2767.0,203.9,335.4,79.4,60.4
2025-05-05,7.52,2300.0,136.0,251.9,78.3,52.6
2025-05-06,7.13,2717.0,178.6,293.3,79.0,59.7
2025-05-07,7.94,737.0,50.0,80.0,77.1,55.1
2025-05-08,8.55,2269.0,145.2,217.7,78.4,58.4
2025-05-09,6.68,2850.0,0.7,317.9,78.1,60.9
2025-05-10,9.5,2633.0,189.2,217.1,77.9,50.3
2025-05-11,6.65,2305.0,153.2,271.2,79.5,62.1
2025-05-12,8.72,2515.0,152.1,282.3,78.3,50.3
2025-05-13,2.58,2219.0,152.3,234.7,79.4,66.4
2025-05-14,6.97,2814.0,214.5,291.5,76.3,64.0
2025-05-15,8.4,2666.0,204.1,257.9,77.6,61.2
2025-05-16,8.06,2543.0,161.9,235.9,78.2,57.6
2025-05-17,6.59,2344.0,164.5,251.8,79.7,63.7
2025-05-18,6.28,2692.0,196.9,312.6,78.7,57.3
2025-05-19,7.83,2648.0,198.9,248.6,77.8,58.3
2025-05-20,8.39,2429.0,142.8,255.7,78.8,55.9
2025-05-21,6.01,2709.0,178.0,267.3,77.2,60.9
2025-05-22,7.17,2401.0,143.7,238.9,78.9,54.7
2025-05-23,7.21,2366.0,154.6,248.8,79.0,58.9
2025-05-24,7.7,2126.0,165.8,227.7,77.1,62.6
2025-05-25,3.21,2577.0,175.7,277.7,76.9,68.1
2025-05-26,6.69,2688.0,189.6,236.8,76.5,59.5
2025-05-27,7.8,2190.0,137.5,196.3,80.0,62.0
2025-05-28,8.21,2848.0,187.3,306.3,76.5,54.9
2025-05-29,6.86,2956.0,219.6,335.7,76.2,59.0
2025-05-30,8.96,3398.0,240.3,358.7,79.4,48.0
2025-05-31,6.46,2665.0,153.0,310.1,78.6,67.1
2025-06-01,8.25,2701.0,221.2,265.6,78.6,54.6
2025-06-02,6.79,2692.0,181.1,310.8,77.8,55.7
2025-06-03,7.34,3087.0,178.0,377.6,78.4,58.7
2025-06-04,7.34,2594.0,162.3,276.0,76.9,56.6
2025-06-05,7.74,2569.0,194.4,283.2,78.3,57.9
2025-06-06,7.83,2636.0,188.5,273.0,78.3,57.9
2025-06-07,7.64,2303.0,164.1,231.0,80.1,58.8
2025-06-08,8.24,3368.0,264.5,297.8,77.4,55.1
2025-06-09,8.31,3035.0,230.7,366.4,78.9,57.3
2025-06-10,7.33,2733.0,192.0,269.4,75.2,60.5
2025-06-11,8.04,3121.0,239.5,328.0,77.8,54.2
2025-06-12,7.05,2235.0,148.1,202.7,77.8,50.9
2025-06-13,8.03,3138.0,236.0,386.3,78.4,58.6
2025-06-14,1.75,3262.0,243.8,330.7,78.1,68.7
2025-06-15,7.89,2097.0,127.5,202.8,76.7,55.1
2025-06-16,6.4,2695.0,191.2,265.5,77.4,60.6
2025-06-17,7.0,2413.0,170.2,173.3,75.3,57.5
2025-06-18,7.01,2799.0,202.6,345.0,78.3,56.6
2025-06-19,8.43,2329.0,156.2,236.5,77.8,53.3
2025-06-20,7.94,2847.0,212.7,306.7,78.3,60.0
2025-06-21,7.87,2685.0,180.6,273.2,76.2,60.8
2025-06-22,7.77,2635.0,191.5,281.3,76.3,54.5
2025-06-23,7.88,2509.0,171.7,272.2,77.6,60.4
2025-06-24,7.51,2699.0,184.8,269.2,78.8,60.8
2025-06-25,2.71,3264.0,225.0,342.8,78.9,63.7
2025-06-26,7.48,2189.0,141.0,234.3,77.4,51.7
2025-06-27,7.64,2615.0,182.9,268.7,78.6,60.3
2025-06-28,6.7,2931.0,177.7,277.6,78.2,58.7
2025-06-29,6.74,2714.0,177.3,284.4,78.5,56.7
2025-06-30,6.92,2289.0,150.7,238.7,75.5,62.4
2025-07-01,8.35,2348.0,179.8,205.9,78.0,54.8
2025-07-02,6.06,2996.0,209.5,325.4,80.4,61.8
2025-07-03,6.28,2177.0,181.8,239.2,78.2,56.1
2025-07-04,8.46,2720.0,199.2,15.8,75.3,57.6
2025-07-05,6.83,2607.0,187.1,255.6,78.3,56.7
2025-07-06,7.34,2931.0,214.0,323.8,78.2,58.9
2025-07-07,8.45,2217.0,148.8,282.8,79.0,56.2
2025-07-08,6.56,2831.0,201.7,305.7,78.9,50.9
2025-07-09,8.3,2383.0,160.1,262.6,79.6,56.1
2025-07-10,7.88,2435.0,160.4,225.1,77.4,58.8
2025-07-11,8.94,2530.0,165.4,258.7,77.1,51.6
2025-07-12,7.78,2304.0,149.8,252.2,78.7,54.0
2025-07-13,7.81,2737.0,188.8,293.5,79.5,60.5
2025-07-14,6.79,2217.0,127.4,245.5,76.7,54.2
2025-07-15,6.67,2713.0,201.3,311.4,75.7,61.3
2025-07-16,7.79,2589.0,171.4,255.1,78.7,59.5
2025-07-17,5.22,2832.0,169.1,276.1,77.4,58.6
2025-07-18,7.85,2640.0,179.1,304.5,77.8,56.4
2025-07-19,7.83,2475.0,183.2,275.9,77.3,53.3
2025-07-20,8.25,2775.0,159.4,294.5,78.2,61.0
2025-07-21,9.28,3023.0,222.2,356.4,77.6,54.7
2025-07-22,7.12,2869.0,212.2,364.1,76.5,59.3
2025-07-23,5.95,2909.0,178.0,295.0,78.4,66.7
2025-07-24,7.05,2369.0,160.0,260.9,78.1,62.4
2025-07-25,1.78,2074.0,127.9,178.1,78.3,64.9
2025-07-26,6.43,2609.0,214.8,290.3,78.7,57.0
2025-07-27,7.46,2502.0,162.9,245.7,78.8,64.4
2025-07-28,6.79,2406.0,156.7,233.4,77.6,57.7
2025-07-29,6.78,2406.0,169.5,6.7,79.7,59.5
2025-07-30,5.62,2150.0,143.2,214.9,78.4,60.1
2025-07-31,8.49,2208.0,156.1,241.8,78.6,60.2
2025-08-01,7.81,1976.0,148.1,211.5,80.1,55.3
2025-08-02,7.21,3033.0,212.7,9.0,76.1,61.0
2025-08-03,7.81,2524.0,162.7,240.3,77.9,59.7
2025-08-04,6.9,2561.0,148.9,284.8,77.9,57.9
2025-08-05,5.67,2501.0,153.3,243.7,78.5,55.4
2025-08-06,7.31,2625.0,172.1,312.4,77.7,55.7
2025-08-07,8.34,3000.0,216.9,316.3,78.3,55.5
2025-08-08,7.77,2852.0,194.3,301.8,78.3,56.5
2025-08-09,7.06,2959.0,162.5,293.5,77.6,63.1
2025-08-10,7.86,2961.0,212.0,308.5,78.5,58.8
2025-08-11,7.55,2418.0,160.5,257.0,77.4,55.4
2025-08-12,8.72,2472.0,167.6,225.2,78.8,53.3
2025-08-13,7.37,2570.0,201.1,294.5,79.2,57.2
2025-08-14,7.57,2739.0,206.6,308.2,75.8,57.7
2025-08-15,7.2,2666.0,200.1,296.2,77.6,59.8
2025-08-16,7.84,2434.0,156.3,281.1,78.4,55.4
2025-08-17,8.04,2493.0,170.2,225.4,75.7,53.0
2025-08-18,5.98,2625.0,153.5,249.6,76.9,65.0
2025-08-19,7.17,3137.0,222.3,349.7,77.4,59.1
2025-08-20,7.72,2544.0,217.8,289.8,77.7,62.3
2025-08-21,7.98,2644.0,206.0,267.4,76.3,58.6
2025-08-22,7.92,2713.0,198.9,299.7,77.7,62.3
2025-08-23,9.25,2793.0,187.5,290.4,75.8,65.3
2025-08-24,7.35,2726.0,215.8,273.2,76.9,61.4
2025-08-25,8.01,2747.0,191.4,299.7,77.2,57.1
2025-08-26,6.45,2643.0,180.1,253.4,76.1,59.3
2025-08-27,7.06,2606.0,194.8,293.9,79.2,59.0
2025-08-28,6.94,2677.0,160.8,299.1,78.5,55.7
2025-08-29,8.69,2532.0,152.0,269.6,77.9,53.4
2025-08-30,9.09,1922.0,142.0,238.9,78.0,53.3
2025-08-31,7.35,2227.0,152.7,266.5,76.8,54.8
2025-09-01,7.21,2787.0,197.2,299.3,80.0,62.6
2025-09-02,6.23,3044.0,224.9,365.3,76.3,59.1
2025-09-03,7.66,2750.0,197.7,292.8,77.9,59.2
2025-09-04,7.19,2097.0,174.6,226.2,78.2,60.9
2025-09-05,3.4,2907.0,222.7,330.5,79.3,65.2
2025-09-06,6.95,2657.0,207.6,292.2,77.5,59.4
2025-09-07,7.55,2474.0,181.3,277.2,79.1,55.3
2025-09-08,8.47,2535.0,209.3,246.8,77.7,52.4
2025-09-09,6.54,2914.0,219.8,262.9,78.2,60.5
2025-09-10,7.62,2451.0,174.0,268.7,77.8,58.1
2025-09-11,7.12,2573.0,173.2,299.7,81.3,57.3
2025-09-12,8.47,2294.0,156.0,234.5,78.0,50.1
2025-09-13,8.09,2344.0,169.8,251.9,78.8,58.5
2025-09-14,7.61,2709.0,196.1,270.3,79.1,55.4
2025-09-15,7.56,2478.0,188.0,253.8,78.4,60.7
2025-09-16,7.51,2685.0,200.2,277.2,78.2,53.5
2025-09-17,6.5,3022.0,193.9,366.3,77.8,57.4
2025-09-18,7.14,3001.0,199.6,258.8,79.2,64.1
2025-09-19,9.25,2667.0,173.3,258.0,76.3,57.0
2025-09-20,7.73,3071.0,237.8,274.3,78.6,50.1
2025-09-21,2.62,2328.0,175.9,256.1,78.5,60.4
2025-09-22,7.51,3197.0,224.6,379.2,77.2,56.3
2025-09-23,7.83,2628.0,192.4,290.2,76.3,56.0
2025-09-24,7.57,2863.0,223.3,303.0,77.6,54.9
2025-09-25,8.0,2692.0,166.4,267.9,76.6,54.9
2025-09-26,8.44,2050.0,147.2,203.1,77.2,56.0
2025-09-27,7.29,2496.0,166.6,237.4,79.9,54.7
2025-09-28,6.58,2408.0,159.5,220.2,78.1,60.1
2025-09-29,7.74,2652.0,182.4,254.1,77.3,59.5
2025-09-30,2.54,2615.0,185.4,303.8,79.3,70.4
2025-10-01,7.61,2476.0,177.0,27.8,79.4,60.9
2025-10-02,7.15,2947.0,217.8,317.7,77.5,59.2
2025-10-03,7.18,2429.0,168.1,265.1,77.7,55.1
2025-10-04,7.0,2659.0,207.9,263.5,78.6,55.4
2025-10-05,5.53,2345.0,154.6,232.2,79.1,63.9
2025-10-06,7.04,3053.0,240.9,322.2,78.1,59.6
2025-10-07,7.89,2228.0,139.6,225.7,77.6,61.2
2025-10-08,8.46,2511.0,153.8,262.0,77.2,52.5
2025-10-09,2.7,2508.0,166.6,238.0,80.0,65.7
2025-10-10,6.88,2821.0,207.1,333.4,78.1,52.2
2025-10-11,6.66,2643.0,188.6,284.6,78.2,60.4
2025-10-12,8.09,2392.0,181.4,269.0,78.3,50.9
2025-10-13,2.85,3242.0,215.5,14.5,78.8,62.2
2025-10-14,7.1,2263.0,134.1,201.7,77.6,60.7
2025-10-15,8.22,2618.0,178.8,273.2,78.4,56.8
2025-10-16,8.63,2540.0,191.1,286.0,79.5,51.3
2025-10-17,7.2,2978.0,205.1,317.7,78.2,57.3
2025-10-18,2.33,2533.0,206.3,240.5,76.9,65.8
2025-10-19,5.87,2667.0,197.9,272.5,78.3,62.3
2025-10-20,7.14,3157.0,233.5,359.1,78.4,63.6
2025-10-21,5.35,3266.0,238.5,335.9,77.6,57.6
2025-10-22,6.21,2833.0,222.7,5.0,78.6,63.6
2025-10-23,6.76,2790.0,195.9,313.7,79.4,56.5
2025-10-24,7.35,2492.0,192.4,242.9,76.1,58.3
2025-10-25,7.22,2231.0,157.3,236.9,78.3,55.3
2025-10-26,7.29,2262.0,176.5,262.4,78.4,55.7
2025-10-27,8.7,2580.0,204.0,292.1,78.0,53.2
2025-10-28,6.64,2748.0,209.1,344.4,78.4,57.7
2025-10-29,6.65,2569.0,150.8,258.7,77.4,61.8
2025-10-30,7.2,752.0,64.7,94.1,78.8,57.5
2025-10-31,6.55,2480.0,173.7,265.0,79.1,56.2
2025-11-01,7.75,3351.0,221.4,375.4,75.0,61.0
2025-11-02,8.18,3090.0,229.4,351.3,77.6,54.5
2025-11-03,7.39,2842.0,190.5,20.7,75.9,58.2
2025-11-04,8.04,1948.0,126.2,207.5,77.9,65.1
2025-11-05,8.68,2505.0,175.6,264.8,77.3,60.5
2025-11-06,7.38,2601.0,199.8,307.5,79.9,56.1
2025-11-07,1.32,2433.0,160.8,235.9,78.4,66.9
2025-11-08,8.65,2685.0,179.0,286.2,77.8,54.6
2025-11-09,6.58,2474.0,171.9,243.9,75.9,59.9
2025-11-10,7.17,2682.0,198.9,251.0,77.4,58.4
2025-11-11,7.26,2431.0,171.7,271.3,79.8,56.7
2025-11-12,7.89,2867.0,206.1,322.8,76.7,57.3
2025-11-13,6.37,2361.0,166.2,287.9,78.2,58.7
2025-11-14,6.22,2774.0,194.5,288.9,77.6,56.4
2025-11-15,6.63,2647.0,198.2,265.6,78.6,56.6
2025-11-16,7.35,2561.0,174.8,272.8,79.4,62.8
2025-11-17,6.01,2594.0,188.7,270.2,75.6,60.5
2025-11-18,9.34,2630.0,163.5,272.9,78.1,54.1
2025-11-19,5.75,3130.0,19.0,302.5,76.0,56.3
2025-11-20,7.04,2657.0,180.0,307.3,76.9,59.6
2025-11-21,6.92,2566.0,169.2,241.8,78.0,60.2
2025-11-22,6.73,2556.0,170.4,271.3,77.5,55.7
2025-11-23,6.73,2247.0,143.7,6.7,77.1,55.8
2025-11-24,7.6,2603.0,212.1,271.9,79.9,57.3
2025-11-25,7.59,385.0,50.0,80.0,76.9,58.1
2025-11-26,6.16,2254.0,169.5,10.9,77.9,52.8
2025-11-27,5.7,2687.0,173.0,266.7,77.2,65.1
2025-11-28,8.02,2572.0,176.5,214.5,78.8,56.3
2025-11-29,7.47,2282.0,184.9,253.5,78.5,54.2
2025-11-30,6.49,344.0,50.0,80.0,77.1,55.2
2025-12-01,8.01,2590.0,172.2,255.5,77.3,55.4
2025-12-02,7.04,2496.0,159.6,225.8,77.4,62.1
2025-12-03,8.4,2465.0,175.5,234.5,81.5,56.5
2025-12-04,7.65,2635.0,173.1,284.4,79.5,66.2
2025-12-05,8.0,2796.0,213.3,302.7,78.1,60.8
2025-12-06,6.26,2518.0,204.5,240.5,78.6,60.5
2025-12-07,7.62,2863.0,215.5,349.9,77.4,57.8
2025-12-08,6.35,2315.0,188.8,238.9,78.9,62.5
2025-12-09,7.67,2333.0,190.2,229.0,82.6,53.2
2025-12-10,6.91,2382.0,163.4,285.7,79.5,58.8
2025-12-11,8.09,2958.0,216.8,263.1,78.4,55.2
2025-12-12,8.08,2839.0,185.4,263.4,77.4,55.0
2025-12-13,7.32,2365.0,150.3,232.0,77.4,60.6
2025-12-14,8.1,2703.0,196.8,296.6,77.7,54.2
2025-12-15,7.1,2881.0,213.6,280.5,78.0,60.8
2025-12-16,8.01,2600.0,200.3,257.0,78.4,55.4
2025-12-17,8.78,2117.0,147.5,257.4,75.7,54.2
2025-12-18,7.15,2929.0,234.1,295.1,78.1,52.9
2025-12-19,7.91,2191.0,137.9,240.3,79.3,52.1
2025-12-20,5.81,2854.0,190.7,283.4,78.2,64.2
2025-12-21,7.44,2252.0,159.7,246.8,78.5,55.7
2025-12-22,6.61,2542.0,204.5,254.4,77.8,57.9
2025-12-23,7.7,2247.0,180.7,232.3,77.2,58.7
2025-12-24,6.66,2374.0,166.4,283.2,79.6,61.2
2025-12-25,7.65,2683.0,201.9,273.9,78.8,59.7
2025-12-26,6.63,2947.0,212.3,332.6,77.2,57.0
2025-12-27,7.24,2592.0,194.9,280.9,78.0,57.9
2025-12-28,8.16,2407.0,199.5,224.4,78.8,53.9
2025-12-29,6.72,2515.0,180.0,249.3,76.6,65.9
2025-12-30,7.71,2532.0,175.9,256.4,77.8,57.1
2025-12-31,8.72,2724.0,197.4,291.3,78.6,60.0
2026-01-01,7.28,1903.0,130.6,219.9,76.8,58.4
2026-01-02,7.04,2702.0,193.1,298.7,77.7,59.5
2026-01-03,6.4,2536.0,198.9,279.6,77.5,57.9
2026-01-04,7.95,2844.0,201.3,323.8,77.6,60.6
2026-01-05,7.31,2298.0,153.9,263.7,78.8,58.6
2026-01-06,7.23,2706.0,187.9,221.2,77.3,56.1
2026-01-07,7.79,2663.0,214.3,343.1,77.7,60.4
2026-01-08,7.72,2563.0,210.8,274.4,77.4,58.9
2026-01-09,7.94,2129.0,143.0,233.9,77.9,57.5
2026-01-10,6.64,2402.0,179.2,215.8,77.8,61.8
2026-01-11,7.47,2770.0,203.6,275.7,79.4,52.1
2026-01-12,8.15,2975.0,226.8,280.9,78.9,58.8
2026-01-13,7.96,2076.0,160.4,228.5,78.8,56.0
2026-01-14,7.82,1914.0,141.4,189.8,77.2,61.6
2026-01-15,8.94,2816.0,197.3,320.0,78.8,55.0
2026-01-16,7.88,2947.0,195.0,347.0,76.1,56.3
2026-01-17,7.79,2532.0,175.7,255.2,78.5,60.2
2026-01-18,7.17,2659.0,179.7,249.5,79.7,61.6
2026-01-19,7.44,514.0,50.0,80.0,77.1,66.2
2026-01-20,7.07,2851.0,14.3,298.1,78.3,60.6
2026-01-21,7.52,2923.0,217.8,286.7,78.1,58.1
2026-01-22,6.95,2447.0,184.0,220.8,77.3,61.5
2026-01-23,0.59,2663.0,8.9,281.0,77.9,69.8
2026-01-24,6.1,2009.0,136.6,246.7,78.5,61.4
2026-01-25,8.03,2634.0,183.5,277.1,76.9,59.0
2026-01-26,6.82,2615.0,169.7,300.0,79.5,61.5
2026-01-27,8.36,2905.0,186.0,327.4,76.2,56.5
2026-01-28,6.92,2769.0,180.5,265.5,78.0,55.5
2026-01-29,5.99,2683.0,170.1,297.2,74.4,55.6
2026-01-30,6.59,1921.0,134.5,226.4,79.0,60.7
2026-01-31,7.67,3153.0,214.6,286.8,78.5,58.6
2026-02-01,6.92,3083.0,205.5,325.8,78.7,59.2
2026-02-02,6.3,2203.0,159.5,220.4,78.0,61.0
2026-02-03,7.06,2623.0,162.6,271.7,79.0,58.1
2026-02-04,7.37,3330.0,242.8,350.0,79.0,48.0
2026-02-05,7.22,2957.0,168.9,341.5,78.4,56.9
2026-02-06,7.56,2905.0,204.7,316.8,77.2,53.6
2026-02-07,7.48,2725.0,167.8,300.6,79.0,54.7
2026-02-08,8.66,1958.0,165.3,235.4,78.2,57.5
2026-02-09,6.76,2668.0,196.1,271.0,78.5,59.1
2026-02-10,6.61,2195.0,162.1,258.6,80.2,59.7
2026-02-11,7.64,2242.0,156.6,294.2,78.2,58.3
2026-02-12,6.79,2448.0,199.0,236.8,80.5,61.7
2026-02-13,6.92,2449.0,179.4,258.2,75.6,60.9
2026-02-14,5.18,2245.0,159.3,241.7,80.6,62.8
2026-02-15,7.45,2991.0,214.7,257.7,78.5,54.6
2026-02-16,7.01,2833.0,232.7,296.7,78.4,56.3
2026-02-17,7.82,2021.0,140.1,232.9,77.6,55.9
2026-02-18,7.91,2526.0,182.3,278.8,77.3,58.8
2026-02-19,6.23,2606.0,178.9,285.6,78.5,57.1
2026-02-20,5.78,2692.0,180.0,271.2,78.3,57.6
2026-02-21,7.96,2649.0,183.6,308.7,78.4,53.8
2026-02-22,6.52,2964.0,199.8,278.0,80.0,65.3
2026-02-23,8.66,2793.0,206.6,331.7,76.7,58.3
2026-02-24,6.57,2491.0,177.6,257.5,78.2,64.4
2026-02-25,8.39,2441.0,180.6,267.3,78.8,57.5
2026-02-26,7.47,2824.0,169.0,283.8,77.1,53.1
2026-02-27,7.96,2477.0,184.5,278.5,77.8,60.7
2026-02-28,7.39,2747.0,208.6,313.9,78.0,63.8
2026-03-01,6.77,2466.0,168.1,240.4,78.7,60.3
2026-03-02,7.98,2622.0,200.5,265.8,76.6,56.4
2026-03-03,6.82,2637.0,187.2,275.7,78.9,61.2
2026-03-04,6.43,2671.0,205.9,278.4,79.1,60.2
2026-03-05,7.05,2526.0,167.0,270.5,79.5,63.2
2026-03-06,7.83,2343.0,171.9,266.6,80.1,60.4
2026-03-07,7.8,2683.0,166.5,297.2,75.6,55.8
2026-03-08,6.29,2556.0,155.4,256.5,80.3,58.6
2026-03-09,7.17,2931.0,210.8,289.3,78.2,57.6
2026-03-10,6.52,2369.0,191.6,248.4,76.8,62.0
2026-03-11,8.74,2788.0,194.8,323.4,77.1,55.8
2026-03-12,8.52,2505.0,183.7,250.1,79.6,58.3
2026-03-13,7.56,2539.0,171.6,246.2,77.3,65.2
2026-03-14,6.81,2801.0,171.6,273.1,76.1,59.7
2026-03-15,7.44,2351.0,149.2,246.7,77.9,58.3
2026-03-16,0.82,1800.0,132.0,197.5,79.2,68.0
2026-03-17,7.55,3254.0,227.1,311.4,79.0,51.7
2026-03-18,7.4,2520.0,194.7,265.5,79.3,56.8
2026-03-19,5.79,2416.0,170.6,277.7,76.9,58.5
2026-03-20,6.36,2838.0,192.6,305.4,78.2,63.3
2026-03-21,6.7,3224.0,229.8,375.1,80.9,59.4
2026-03-22,8.47,2316.0,177.2,196.1,78.4,57.8
2026-03-23,6.84,2437.0,182.6,282.6,78.4,56.3
2026-03-24,9.06,3123.0,227.2,336.0,77.8,55.9
2026-03-25,9.41,2231.0,18.7,251.9,81.2,54.2
2026-03-26,7.07,2635.0,162.7,321.6,78.8,55.3
2026-03-27,6.61,2806.0,195.4,265.3,79.0,65.1
2026-03-28,8.62,2189.0,161.1,239.6,79.3,58.2
2026-03-29,8.09,2744.0,195.3,257.5,79.6,56.5
2026-03-30,6.04,2531.0,189.7,290.6,77.6,64.3
2026-03-31,7.17,2194.0,134.9,231.9,78.5,54.6
2026-04-01,6.62,2669.0,179.4,269.9,76.2,56.8
2026-04-02,7.77,2089.0,115.3,203.9,78.5,55.2
2026-04-03,7.75,2539.0,195.1,275.4,78.3,57.4
2026-04-04,7.57,2833.0,192.1,317.2,79.9,52.9
2026-04-05,7.63,2305.0,170.0,267.3,76.2,57.4
2026-04-06,6.83,2916.0,194.4,342.1,80.2,64.9
2026-04-07,8.67,3166.0,193.2,357.3,79.2,55.1
2026-04-08,6.37,2849.0,205.3,320.1,77.7,64.0
2026-04-09,7.71,2722.0,194.6,294.3,76.8,57.4
2026-04-10,7.97,2450.0,178.7,209.5,77.7,59.7
2026-04-11,7.26,2292.0,168.3,10.0,76.8,61.3
2026-04-12,7.03,2371.0,189.9,228.5,77.7,59.0
2026-04-13,7.55,2670.0,188.9,292.4,78.3,54.0
2026-04-14,7.93,2735.0,185.6,19.9,77.9,59.2
2026-04-15,9.5,2736.0,185.8,298.7,78.6,59.2
2026-04-16,6.82,2812.0,189.8,296.8,78.2,57.3
2026-04-17,6.36,3241.0,263.4,328.7,78.3,58.2
2026-04-18,8.25,2633.0,177.0,252.1,78.0,54.4
2026-04-19,7.2,2757.0,212.5,297.4,78.1,50.6
2026-04-20,6.48,2540.0,162.1,272.9,76.8,54.7
2026-04-21,9.07,2219.0,171.8,224.5,76.2,58.4
2026-04-22,7.51,3023.0,185.9,288.1,78.5,58.9
2026-04-23,8.66,2494.0,208.1,249.2,75.4,61.6
2026-04-24,7.27,2523.0,174.0,246.1,78.5,55.3
2026-04-25,7.04,2698.0,16.7,277.7,80.0,70.0
2026-04-26,9.44,2054.0,165.1,212.8,79.2,55.9
2026-04-27,1.06,2645.0,196.6,266.9,76.2,68.5
2026-04-28,7.07,2249.0,150.7,263.7,77.2,60.6
2026-04-29,7.69,2810.0,214.2,262.2,78.6,53.8
2026-04-30,6.84,3292.0,247.4,319.6,76.4,59.3
2026-05-01,8.55,2809.0,186.0,291.7,79.1,56.7
2026-05-02,6.39,2908.0,224.6,299.4,77.9,56.5
2026-05-03,6.15,2435.0,154.2,287.5,76.9,58.2
2026-05-04,6.62,2901.0,213.2,353.3,79.6,62.3
2026-05-05,7.8,2385.0,199.4,219.2,77.3,58.5
2026-05-06,8.65,2302.0,166.8,257.3,77.5,66.2
2026-05-07,6.6,2600.0,142.8,243.9,78.5,63.6
2026-05-08,7.54,2381.0,158.9,245.7,77.9,60.8
2026-05-09,7.46,2614.0,158.8,24.5,79.1,57.4
2026-05-10,7.99,2922.0,186.0,298.9,79.0,60.3
2026-05-11,6.52,2222.0,160.7,208.3,76.9,52.6
2026-05-12,7.06,2518.0,195.0,235.6,76.8,55.4
2026-05-13,8.2,2490.0,187.0,253.5,75.7,59.5
2026-05-14,7.28,3052.0,219.8,299.8,77.1,59.7
2026-05-15,5.97,3018.0,199.2,337.4,77.3,55.1
2026-05-16,8.28,2799.0,213.3,250.6,78.4,58.6
2026-05-17,8.36,2284.0,161.2,231.9,78.1,57.9
2026-05-18,7.35,2644.0,171.5,206.9,76.5,59.1
2026-05-19,6.47,3135.0,246.4,276.2,78.5,55.0
2026-05-20,7.08,2806.0,218.5,21.5,78.6,56.7
2026-05-21,8.53,2421.0,175.7,254.2,80.0,53.9
2026-05-22,9.5,2837.0,201.3,318.7,77.6,56.3
2026-05-23,7.54,2650.0,154.8,235.1,79.6,56.3
2026-05-24,7.61,3001.0,218.7,343.0,77.0,62.2
2026-05-25,8.16,2679.0,0.4,286.1,77.1,64.0
2026-05-26,8.09,2578.0,176.7,297.7,76.7,53.4
2026-05-27,6.94,2924.0,202.6,264.2,80.3,59.5
2026-05-28,2.58,2434.0,164.5,268.4,76.8,69.4
2026-05-29,7.73,2524.0,3.8,306.3,79.5,60.0
2026-05-30,7.24,2512.0,189.7,11.0,78.3,59.6
2026-05-31,6.49,2735.0,187.6,236.0,77.9,61.5
2026-06-01,6.69,2828.0,202.8,241.8,75.7,56.9
2026-06-02,8.49,2550.0,169.3,269.7,76.4,61.6
2026-06-03,3.45,2755.0,188.5,256.4,78.3,60.5
2026-06-04,6.96,2472.0,146.5,197.2,74.9,62.4
2026-06-05,6.92,3135.0,186.8,298.4,78.2,61.3
2026-06-06,6.78,2542.0,181.6,275.3,78.1,58.4
2026-06-07,6.02,2925.0,219.4,302.4,78.2,62.5
2026-06-08,8.0,2898.0,221.3,316.6,78.3,56.8
2026-06-09,8.37,2309.0,125.0,257.8,78.7,54.9
2026-06-10,7.68,2576.0,192.4,281.4,77.1,61.4
2026-06-11,9.05,2359.0,151.3,283.1,77.4,59.8
